filename,piece_id,shape,color,defect_code,piece_key,has_defect,surface,edge,view
1_S_W_N_A.jpg,1,S,W,N,1_S_W_N,0,0,0,A
1_S_W_N_B.jpg,1,S,W,N,1_S_W_N,0,0,0,B
1_S_W_N_C.jpg,1,S,W,N,1_S_W_N,0,0,0,C
1_S_W_N_D.jpg,1,S,W,N,1_S_W_N,0,0,0,D
2_S_W_N_A.jpg,2,S,W,N,2_S_W_N,0,0,0,A
2_S_W_N_B.jpg,2,S,W,N,2_S_W_N,0,0,0,B
2_S_W_N_C.jpg,2,S,W,N,2_S_W_N,0,0,0,C
2_S_W_N_D.jpg,2,S,W,N,2_S_W_N,0,0,0,D
3_S_W_N_A.jpg,3,S,W,N,3_S_W_N,0,0,0,A
3_S_W_N_B.jpg,3,S,W,N,3_S_W_N,0,0,0,B
3_S_W_N_C.jpg,3,S,W,N,3_S_W_N,0,0,0,C
3_S_W_N_D.jpg,3,S,W,N,3_S_W_N,0,0,0,D
4_S_W_N_A.jpg,4,S,W,N,4_S_W_N,0,0,0,A
4_S_W_N_B.jpg,4,S,W,N,4_S_W_N,0,0,0,B
4_S_W_N_C.jpg,4,S,W,N,4_S_W_N,0,0,0,C
4_S_W_N_D.jpg,4,S,W,N,4_S_W_N,0,0,0,D
5_S_W_N_A.jpg,5,S,W,N,5_S_W_N,0,0,0,A
5_S_W_N_B.jpg,5,S,W,N,5_S_W_N,0,0,0,B
5_S_W_N_C.jpg,5,S,W,N,5_S_W_N,0,0,0,C
5_S_W_N_D.jpg,5,S,W,N,5_S_W_N,0,0,0,D
6_S_W_N_A.jpg,6,S,W,N,6_S_W_N,0,0,0,A
6_S_W_N_B.jpg,6,S,W,N,6_S_W_N,0,0,0,B
6_S_W_N_C.jpg,6,S,W,N,6_S_W_N,0,0,0,C
6_S_W_N_D.jpg,6,S,W,N,6_S_W_N,0,0,0,D
7_S_W_N_A.jpg,7,S,W,N,7_S_W_N,0,0,0,A
7_S_W_N_B.jpg,7,S,W,N,7_S_W_N,0,0,0,B
7_S_W_N_C.jpg,7,S,W,N,7_S_W_N,0,0,0,C
7_S_W_N_D.jpg,7,S,W,N,7_S_W_N,0,0,0,D
8_S_W_N_A.jpg,8,S,W,N,8_S_W_N,0,0,0,A
8_S_W_N_B.jpg,8,S,W,N,8_S_W_N,0,0,0,B
8_S_W_N_C.jpg,8,S,W,N,8_S_W_N,0,0,0,C
8_S_W_N_D.jpg,8,S,W,N,8_S_W_N,0,0,0,D
9_C_W_N_A.jpg,9,C,W,N,9_C_W_N,0,0,0,A
9_C_W_N_B.jpg,9,C,W,N,9_C_W_N,0,0,0,B
9_C_W_N_C.jpg,9,C,W,N,9_C_W_N,0,0,0,C
9_C_W_N_D.jpg,9,C,W,N,9_C_W_N,0,0,0,D
10_C_W_N_A.jpg,10,C,W,N,10_C_W_N,0,0,0,A
10_C_W_N_B.jpg,10,C,W,N,10_C_W_N,0,0,0,B
10_C_W_N_C.jpg,10,C,W,N,10_C_W_N,0,0,0,C
10_C_W_N_D.jpg,10,C,W,N,10_C_W_N,0,0,0,D
11_C_W_N_A.jpg,11,C,W,N,11_C_W_N,0,0,0,A
11_C_W_N_B.jpg,11,C,W,N,11_C_W_N,0,0,0,B
11_C_W_N_C.jpg,11,C,W,N,11_C_W_N,0,0,0,C
11_C_W_N_D.jpg,11,C,W,N,11_C_W_N,0,0,0,D
12_C_W_N_A.jpg,12,C,W,N,12_C_W_N,0,0,0,A
12_C_W_N_B.jpg,12,C,W,N,12_C_W_N,0,0,0,B
12_C_W_N_C.jpg,12,C,W,N,12_C_W_N,0,0,0,C
12_C_W_N_D.jpg,12,C,W,N,12_C_W_N,0,0,0,D
13_C_W_N_A.jpg,13,C,W,N,13_C_W_N,0,0,0,A
13_C_W_N_B.jpg,13,C,W,N,13_C_W_N,0,0,0,B
13_C_W_N_C.jpg,13,C,W,N,13_C_W_N,0,0,0,C
13_C_W_N_D.jpg,13,C,W,N,13_C_W_N,0,0,0,D
14_C_W_N_A.jpg,14,C,W,N,14_C_W_N,0,0,0,A
14_C_W_N_B.jpg,14,C,W,N,14_C_W_N,0,0,0,B
14_C_W_N_C.jpg,14,C,W,N,14_C_W_N,0,0,0,C
14_C_W_N_D.jpg,14,C,W,N,14_C_W_N,0,0,0,D
15_C_W_N_A.jpg,15,C,W,N,15_C_W_N,0,0,0,A
15_C_W_N_B.jpg,15,C,W,N,15_C_W_N,0,0,0,B
15_C_W_N_C.jpg,15,C,W,N,15_C_W_N,0,0,0,C
15_C_W_N_D.jpg,15,C,W,N,15_C_W_N,0,0,0,D
16_C_W_N_A.jpg,16,C,W,N,16_C_W_N,0,0,0,A
16_C_W_N_B.jpg,16,C,W,N,16_C_W_N,0,0,0,B
16_C_W_N_C.jpg,16,C,W,N,16_C_W_N,0,0,0,C
16_C_W_N_D.jpg,16,C,W,N,16_C_W_N,0,0,0,D
17_H_W_N_A.jpg,17,H,W,N,17_H_W_N,0,0,0,A
17_H_W_N_B.jpg,17,H,W,N,17_H_W_N,0,0,0,B
17_H_W_N_C.jpg,17,H,W,N,17_H_W_N,0,0,0,C
17_H_W_N_D.jpg,17,H,W,N,17_H_W_N,0,0,0,D
18_H_W_N_A.jpg,18,H,W,N,18_H_W_N,0,0,0,A
18_H_W_N_B.jpg,18,H,W,N,18_H_W_N,0,0,0,B
18_H_W_N_C.jpg,18,H,W,N,18_H_W_N,0,0,0,C
18_H_W_N_D.jpg,18,H,W,N,18_H_W_N,0,0,0,D
19_H_W_N_A.jpg,19,H,W,N,19_H_W_N,0,0,0,A
19_H_W_N_B.jpg,19,H,W,N,19_H_W_N,0,0,0,B
19_H_W_N_C.jpg,19,H,W,N,19_H_W_N,0,0,0,C
19_H_W_N_D.jpg,19,H,W,N,19_H_W_N,0,0,0,D
20_H_W_N_A.jpg,20,H,W,N,20_H_W_N,0,0,0,A
20_H_W_N_B.jpg,20,H,W,N,20_H_W_N,0,0,0,B
20_H_W_N_C.jpg,20,H,W,N,20_H_W_N,0,0,0,C
20_H_W_N_D.jpg,20,H,W,N,20_H_W_N,0,0,0,D
21_H_W_N_A.jpg,21,H,W,N,21_H_W_N,0,0,0,A
21_H_W_N_B.jpg,21,H,W,N,21_H_W_N,0,0,0,B
21_H_W_N_C.jpg,21,H,W,N,21_H_W_N,0,0,0,C
21_H_W_N_D.jpg,21,H,W,N,21_H_W_N,0,0,0,D
22_H_W_N_A.jpg,22,H,W,N,22_H_W_N,0,0,0,A
22_H_W_N_B.jpg,22,H,W,N,22_H_W_N,0,0,0,B
22_H_W_N_C.jpg,22,H,W,N,22_H_W_N,0,0,0,C
22_H_W_N_D.jpg,22,H,W,N,22_H_W_N,0,0,0,D
23_H_W_N_A.jpg,23,H,W,N,23_H_W_N,0,0,0,A
23_H_W_N_B.jpg,23,H,W,N,23_H_W_N,0,0,0,B
23_H_W_N_C.jpg,23,H,W,N,23_H_W_N,0,0,0,C
23_H_W_N_D.jpg,23,H,W,N,23_H_W_N,0,0,0,D
24_H_W_N_A.jpg,24,H,W,N,24_H_W_N,0,0,0,A
24_H_W_N_B.jpg,24,H,W,N,24_H_W_N,0,0,0,B
24_H_W_N_C.jpg,24,H,W,N,24_H_W_N,0,0,0,C
24_H_W_N_D.jpg,24,H,W,N,24_H_W_N,0,0,0,D
25_S_W_S_A.jpg,25,S,W,S,25_S_W_S,1,1,0,A
25_S_W_S_B.jpg,25,S,W,S,25_S_W_S,1,1,0,B
25_S_W_S_C.jpg,25,S,W,S,25_S_W_S,1,1,0,C
25_S_W_S_D.jpg,25,S,W,S,25_S_W_S,1,1,0,D
26_S_W_S_A.jpg,26,S,W,S,26_S_W_S,1,1,0,A
26_S_W_S_B.jpg,26,S,W,S,26_S_W_S,1,1,0,B
26_S_W_S_C.jpg,26,S,W,S,26_S_W_S,1,1,0,C
26_S_W_S_D.jpg,26,S,W,S,26_S_W_S,1,1,0,D
27_S_W_S_A.jpg,27,S,W,S,27_S_W_S,1,1,0,A
27_S_W_S_B.jpg,27,S,W,S,27_S_W_S,1,1,0,B
27_S_W_S_C.jpg,27,S,W,S,27_S_W_S,1,1,0,C
27_S_W_S_D.jpg,27,S,W,S,27_S_W_S,1,1,0,D
28_S_W_S_A.jpg,28,S,W,S,28_S_W_S,1,1,0,A
28_S_W_S_B.jpg,28,S,W,S,28_S_W_S,1,1,0,B
28_S_W_S_C.jpg,28,S,W,S,28_S_W_S,1,1,0,C
28_S_W_S_D.jpg,28,S,W,S,28_S_W_S,1,1,0,D
29_S_W_E_A.jpg,29,S,W,E,29_S_W_E,1,0,1,A
29_S_W_E_B.jpg,29,S,W,E,29_S_W_E,1,0,1,B
29_S_W_E_C.jpg,29,S,W,E,29_S_W_E,1,0,1,C
29_S_W_E_D.jpg,29,S,W,E,29_S_W_E,1,0,1,D
30_S_W_E_A.jpg,30,S,W,E,30_S_W_E,1,0,1,A
30_S_W_E_B.jpg,30,S,W,E,30_S_W_E,1,0,1,B
30_S_W_E_C.jpg,30,S,W,E,30_S_W_E,1,0,1,C
30_S_W_E_D.jpg,30,S,W,E,30_S_W_E,1,0,1,D
31_S_W_E_A.jpg,31,S,W,E,31_S_W_E,1,0,1,A
31_S_W_E_B.jpg,31,S,W,E,31_S_W_E,1,0,1,B
31_S_W_E_C.jpg,31,S,W,E,31_S_W_E,1,0,1,C
31_S_W_E_D.jpg,31,S,W,E,31_S_W_E,1,0,1,D
32_S_W_E_A.jpg,32,S,W,E,32_S_W_E,1,0,1,A
32_S_W_E_B.jpg,32,S,W,E,32_S_W_E,1,0,1,B
32_S_W_E_C.jpg,32,S,W,E,32_S_W_E,1,0,1,C
32_S_W_E_D.jpg,32,S,W,E,32_S_W_E,1,0,1,D
33_S_W_SE_A.jpg,33,S,W,SE,33_S_W_SE,1,1,1,A
33_S_W_SE_B.jpg,33,S,W,SE,33_S_W_SE,1,1,1,B
33_S_W_SE_C.jpg,33,S,W,SE,33_S_W_SE,1,1,1,C
33_S_W_SE_D.jpg,33,S,W,SE,33_S_W_SE,1,1,1,D
34_S_W_SE_A.jpg,34,S,W,SE,34_S_W_SE,1,1,1,A
34_S_W_SE_B.jpg,34,S,W,SE,34_S_W_SE,1,1,1,B
34_S_W_SE_C.jpg,34,S,W,SE,34_S_W_SE,1,1,1,C
34_S_W_SE_D.jpg,34,S,W,SE,34_S_W_SE,1,1,1,D
35_S_W_SE_A.jpg,35,S,W,SE,35_S_W_SE,1,1,1,A
35_S_W_SE_B.jpg,35,S,W,SE,35_S_W_SE,1,1,1,B
35_S_W_SE_C.jpg,35,S,W,SE,35_S_W_SE,1,1,1,C
35_S_W_SE_D.jpg,35,S,W,SE,35_S_W_SE,1,1,1,D
36_C_W_S_A.jpg,36,C,W,S,36_C_W_S,1,1,0,A
36_C_W_S_B.jpg,36,C,W,S,36_C_W_S,1,1,0,B
36_C_W_S_C.jpg,36,C,W,S,36_C_W_S,1,1,0,C
36_C_W_S_D.jpg,36,C,W,S,36_C_W_S,1,1,0,D
37_C_W_S_A.jpg,37,C,W,S,37_C_W_S,1,1,0,A
37_C_W_S_B.jpg,37,C,W,S,37_C_W_S,1,1,0,B
37_C_W_S_C.jpg,37,C,W,S,37_C_W_S,1,1,0,C
37_C_W_S_D.jpg,37,C,W,S,37_C_W_S,1,1,0,D
38_C_W_S_A.jpg,38,C,W,S,38_C_W_S,1,1,0,A
38_C_W_S_B.jpg,38,C,W,S,38_C_W_S,1,1,0,B
38_C_W_S_C.jpg,38,C,W,S,38_C_W_S,1,1,0,C
38_C_W_S_D.jpg,38,C,W,S,38_C_W_S,1,1,0,D
39_C_W_S_A.jpg,39,C,W,S,39_C_W_S,1,1,0,A
39_C_W_S_B.jpg,39,C,W,S,39_C_W_S,1,1,0,B
39_C_W_S_C.jpg,39,C,W,S,39_C_W_S,1,1,0,C
39_C_W_S_D.jpg,39,C,W,S,39_C_W_S,1,1,0,D
40_C_W_E_A.jpg,40,C,W,E,40_C_W_E,1,0,1,A
40_C_W_E_B.jpg,40,C,W,E,40_C_W_E,1,0,1,B
40_C_W_E_C.jpg,40,C,W,E,40_C_W_E,1,0,1,C
40_C_W_E_D.jpg,40,C,W,E,40_C_W_E,1,0,1,D
41_C_W_E_A.jpg,41,C,W,E,41_C_W_E,1,0,1,A
41_C_W_E_B.jpg,41,C,W,E,41_C_W_E,1,0,1,B
41_C_W_E_C.jpg,41,C,W,E,41_C_W_E,1,0,1,C
41_C_W_E_D.jpg,41,C,W,E,41_C_W_E,1,0,1,D
42_C_W_E_A.jpg,42,C,W,E,42_C_W_E,1,0,1,A
42_C_W_E_B.jpg,42,C,W,E,42_C_W_E,1,0,1,B
42_C_W_E_C.jpg,42,C,W,E,42_C_W_E,1,0,1,C
42_C_W_E_D.jpg,42,C,W,E,42_C_W_E,1,0,1,D
43_C_W_E_A.jpg,43,C,W,E,43_C_W_E,1,0,1,A
43_C_W_E_B.jpg,43,C,W,E,43_C_W_E,1,0,1,B
43_C_W_E_C.jpg,43,C,W,E,43_C_W_E,1,0,1,C
43_C_W_E_D.jpg,43,C,W,E,43_C_W_E,1,0,1,D
44_C_W_SE_A.jpg,44,C,W,SE,44_C_W_SE,1,1,1,A
44_C_W_SE_B.jpg,44,C,W,SE,44_C_W_SE,1,1,1,B
44_C_W_SE_C.jpg,44,C,W,SE,44_C_W_SE,1,1,1,C
44_C_W_SE_D.jpg,44,C,W,SE,44_C_W_SE,1,1,1,D
45_C_W_SE_A.jpg,45,C,W,SE,45_C_W_SE,1,1,1,A
45_C_W_SE_B.jpg,45,C,W,SE,45_C_W_SE,1,1,1,B
45_C_W_SE_C.jpg,45,C,W,SE,45_C_W_SE,1,1,1,C
45_C_W_SE_D.jpg,45,C,W,SE,45_C_W_SE,1,1,1,D
46_C_W_SE_A.jpg,46,C,W,SE,46_C_W_SE,1,1,1,A
46_C_W_SE_B.jpg,46,C,W,SE,46_C_W_SE,1,1,1,B
46_C_W_SE_C.jpg,46,C,W,SE,46_C_W_SE,1,1,1,C
46_C_W_SE_D.jpg,46,C,W,SE,46_C_W_SE,1,1,1,D
47_H_W_S_A.jpg,47,H,W,S,47_H_W_S,1,1,0,A
47_H_W_S_B.jpg,47,H,W,S,47_H_W_S,1,1,0,B
47_H_W_S_C.jpg,47,H,W,S,47_H_W_S,1,1,0,C
47_H_W_S_D.jpg,47,H,W,S,47_H_W_S,1,1,0,D
48_H_W_S_A.jpg,48,H,W,S,48_H_W_S,1,1,0,A
48_H_W_S_B.jpg,48,H,W,S,48_H_W_S,1,1,0,B
48_H_W_S_C.jpg,48,H,W,S,48_H_W_S,1,1,0,C
48_H_W_S_D.jpg,48,H,W,S,48_H_W_S,1,1,0,D
49_H_W_S_A.jpg,49,H,W,S,49_H_W_S,1,1,0,A
49_H_W_S_B.jpg,49,H,W,S,49_H_W_S,1,1,0,B
49_H_W_S_C.jpg,49,H,W,S,49_H_W_S,1,1,0,C
49_H_W_S_D.jpg,49,H,W,S,49_H_W_S,1,1,0,D
50_H_W_S_A.jpg,50,H,W,S,50_H_W_S,1,1,0,A
50_H_W_S_B.jpg,50,H,W,S,50_H_W_S,1,1,0,B
50_H_W_S_C.jpg,50,H,W,S,50_H_W_S,1,1,0,C
50_H_W_S_D.jpg,50,H,W,S,50_H_W_S,1,1,0,D
51_H_W_E_A.jpg,51,H,W,E,51_H_W_E,1,0,1,A
51_H_W_E_B.jpg,51,H,W,E,51_H_W_E,1,0,1,B
51_H_W_E_C.jpg,51,H,W,E,51_H_W_E,1,0,1,C
51_H_W_E_D.jpg,51,H,W,E,51_H_W_E,1,0,1,D
52_H_W_E_A.jpg,52,H,W,E,52_H_W_E,1,0,1,A
52_H_W_E_B.jpg,52,H,W,E,52_H_W_E,1,0,1,B
52_H_W_E_C.jpg,52,H,W,E,52_H_W_E,1,0,1,C
52_H_W_E_D.jpg,52,H,W,E,52_H_W_E,1,0,1,D
53_H_W_E_A.jpg,53,H,W,E,53_H_W_E,1,0,1,A
53_H_W_E_B.jpg,53,H,W,E,53_H_W_E,1,0,1,B
53_H_W_E_C.jpg,53,H,W,E,53_H_W_E,1,0,1,C
53_H_W_E_D.jpg,53,H,W,E,53_H_W_E,1,0,1,D
54_H_W_E_A.jpg,54,H,W,E,54_H_W_E,1,0,1,A
54_H_W_E_B.jpg,54,H,W,E,54_H_W_E,1,0,1,B
54_H_W_E_C.jpg,54,H,W,E,54_H_W_E,1,0,1,C
54_H_W_E_D.jpg,54,H,W,E,54_H_W_E,1,0,1,D
55_H_W_SE_A.jpg,55,H,W,SE,55_H_W_SE,1,1,1,A
55_H_W_SE_B.jpg,55,H,W,SE,55_H_W_SE,1,1,1,B
55_H_W_SE_C.jpg,55,H,W,SE,55_H_W_SE,1,1,1,C
55_H_W_SE_D.jpg,55,H,W,SE,55_H_W_SE,1,1,1,D
56_H_W_SE_A.jpg,56,H,W,SE,56_H_W_SE,1,1,1,A
56_H_W_SE_B.jpg,56,H,W,SE,56_H_W_SE,1,1,1,B
56_H_W_SE_C.jpg,56,H,W,SE,56_H_W_SE,1,1,1,C
56_H_W_SE_D.jpg,56,H,W,SE,56_H_W_SE,1,1,1,D
57_H_W_SE_A.jpg,57,H,W,SE,57_H_W_SE,1,1,1,A
57_H_W_SE_B.jpg,57,H,W,SE,57_H_W_SE,1,1,1,B
57_H_W_SE_C.jpg,57,H,W,SE,57_H_W_SE,1,1,1,C
57_H_W_SE_D.jpg,57,H,W,SE,57_H_W_SE,1,1,1,D
